2020-07-11,ETH,241.67
2020-07-12,ETH,244
2020-07-13,ETH,245.33
2020-07-14,ETH,242.09
2020-07-15,ETH,241.45
2020-07-16,ETH,239.39
2020-07-17,ETH,234.84
2020-07-18,ETH,236.8
2020-07-19,ETH,239.92
2020-07-20,ETH,239.72
2020-07-21,ETH,246.66
2020-07-22,ETH,269.61
2020-07-23,ETH,279.98
2020-07-24,ETH,287.34
2020-07-25,ETH,308.94
2020-07-26,ETH,318.75
2020-07-27,ETH,333.31
2020-07-28,ETH,326.8
2020-07-29,ETH,325
2020-07-30,ETH,342
2020-07-31,ETH,349.45
2020-08-01,ETH,392.67
2020-08-02,ETH,415.85
2020-08-03,ETH,398
2020-08-04,ETH,402.98
2020-08-05,ETH,407
2020-08-06,ETH,403.66
2020-08-07,ETH,398.26
2020-08-08,ETH,397.05
2020-08-09,ETH,400
2020-08-10,ETH,399.18
2020-08-11,ETH,398.21
2020-08-12,ETH,389.23
2020-08-13,ETH,431.49
2020-08-14,ETH,444.71
2020-08-15,ETH,442.94
2020-08-16,ETH,436.99
2020-08-17,ETH,446
2020-08-18,ETH,433.81
2020-08-19,ETH,426.75
2020-08-20,ETH,418.98
2020-08-21,ETH,418.68
2020-08-22,ETH,397.04
2020-08-23,ETH,396.95
2020-08-24,ETH,410.42
2020-08-25,ETH,409.06
2020-08-26,ETH,392.91
2020-08-27,ETH,397.1
2020-08-28,ETH,398
2020-08-29,ETH,405.69
2020-08-30,ETH,429.89
2020-08-31,ETH,439
2020-09-01,ETH,488.84
2020-09-02,ETH,481.39
2020-09-03,ETH,450.7
2020-09-04,ETH,400.21
2020-09-05,ETH,395
2020-09-06,ETH,360
2020-09-07,ETH,358.51
2020-09-08,ETH,356.58
2020-09-09,ETH,359
2020-09-10,ETH,377.25
2020-09-11,ETH,375.27
2020-09-12,ETH,388.57
2020-09-13,ETH,390.43
2020-09-14,ETH,384.64
2020-09-15,ETH,382.47
2020-09-16,ETH,373.45
2020-09-17,ETH,394.14
2020-09-18,ETH,392.58
2020-09-19,ETH,388.72
2020-09-20,ETH,385.45
2020-09-21,ETH,376.8
2020-09-22,ETH,346.91
2020-09-23,ETH,344.65
2020-09-24,ETH,353.1
2020-09-25,ETH,358
2020-09-26,ETH,356.4
2020-09-27,ETH,362.14
2020-09-28,ETH,368.2
2020-09-29,ETH,360.63
2020-09-30,ETH,361.5
2020-10-01,ETH,370.45
2020-10-02,ETH,354.55
2020-10-03,ETH,351
2020-10-04,ETH,354.45
2020-10-05,ETH,356.1
2020-10-06,ETH,355.1
2020-10-07,ETH,342.85
2020-10-08,ETH,353.32
2020-10-09,ETH,368.33
2020-10-10,ETH,378.4
2020-10-11,ETH,377.6
2020-10-12,ETH,394.8
2020-10-13,ETH,387.75
2020-10-14,ETH,387.41
2020-10-15,ETH,381.79
2020-10-16,ETH,379.83
2020-10-17,ETH,370.46
2020-10-18,ETH,378.64
2020-10-19,ETH,384.32
2020-10-20,ETH,380.73
2020-10-21,ETH,401.49
2020-10-22,ETH,420.73
2020-10-23,ETH,419.33
2020-10-24,ETH,416.66
2020-10-25,ETH,417.4
2020-10-26,ETH,411.11
2020-10-27,ETH,410.25
2020-10-28,ETH,409.2
2020-10-29,ETH,393.72
2020-10-30,ETH,391.97
2020-10-31,ETH,394.88
2020-11-01,ETH,398.29
2020-11-02,ETH,404.5
2020-11-03,ETH,390
2020-11-04,ETH,408.39
2020-11-05,ETH,420.4
2020-11-06,ETH,458.27
2020-11-07,ETH,468.28
2020-11-08,ETH,460.1
2020-11-09,ETH,459.1
2020-11-10,ETH,455
2020-11-11,ETH,476.25
2020-11-12,ETH,470
2020-11-13,ETH,478.01
2020-11-14,ETH,477.47
2020-11-15,ETH,462.89
2020-11-16,ETH,466
2020-11-17,ETH,484.88
2020-11-18,ETH,495.31
2020-11-19,ETH,480.75
2020-11-20,ETH,514.4
2020-11-21,ETH,553.32
2020-11-22,ETH,580.88
2020-11-23,ETH,610.85
2020-11-24,ETH,623
2020-11-25,ETH,606
2020-11-26,ETH,577.14
2020-11-27,ETH,530.62
2020-11-28,ETH,547.94
2020-11-29,ETH,576.9
2020-11-30,ETH,616.85
2020-12-01,ETH,635.7
2020-12-02,ETH,604.93
2020-12-03,ETH,623.44
2020-12-04,ETH,620
2020-12-05,ETH,597.11
2020-12-06,ETH,607.5
2020-12-07,ETH,603.15
2020-12-08,ETH,595
2020-12-09,ETH,578.08
2020-12-10,ETH,575.7
2020-12-11,ETH,560.8
2020-12-12,ETH,574
2020-12-13,ETH,595
2020-12-14,ETH,591.48
2020-12-15,ETH,597.2
2020-12-16,ETH,640
2020-12-17,ETH,676.25
2020-12-18,ETH,664.61
2020-12-19,ETH,669.95
2020-12-20,ETH,661.39
2020-12-21,ETH,648
2020-12-22,ETH,637.73
2020-12-23,ETH,638.44
2020-12-24,ETH,615.02
2020-12-25,ETH,634.24
2020-12-26,ETH,652.91
2020-12-27,ETH,717.13
2020-12-28,ETH,748.09
2020-12-29,ETH,740.78
2020-12-30,ETH,758.74
2020-12-31,ETH,755.74
2021-01-01,ETH,749
2021-01-02,ETH,787.69
2021-01-03,ETH,1011.07
2021-01-04,ETH,1162.97
2021-01-05,ETH,1134.6
2021-01-06,ETH,1213
2021-01-07,ETH,1289
2021-01-08,ETH,1273.75
2021-01-09,ETH,1304.37
2021-01-10,ETH,1348.33
2021-01-11,ETH,1260
2021-01-12,ETH,1150.02
2021-01-13,ETH,1137.65
2021-01-14,ETH,1247.55
2021-01-15,ETH,1256.98
2021-01-16,ETH,1298
2021-01-17,ETH,1269.02
2021-01-18,ETH,1260.75
2021-01-19,ETH,1438.3
2021-01-20,ETH,1407.93
2021-01-21,ETH,1390
2021-01-22,ETH,1273.79
2021-01-23,ETH,1272.44
2021-01-24,ETH,1398.83
2021-01-25,ETH,1475
2021-01-26,ETH,1378.49
2021-01-27,ETH,1373.9
2021-01-28,ETH,1360
2021-01-29,ETH,1436.9
2021-01-30,ETH,1406
2021-01-31,ETH,1380.74
2021-02-01,ETH,1377.99
2021-02-02,ETH,1547.9
2021-02-03,ETH,1669.35
2021-02-04,ETH,1695.2
2021-02-05,ETH,1760.49
2021-02-06,ETH,1743.67
2021-02-07,ETH,1693
2021-02-08,ETH,1775.57
2021-02-09,ETH,1821.88
2021-02-10,ETH,1837.86
2021-02-11,ETH,1819
2021-02-12,ETH,1864.88
2021-02-13,ETH,1871.72
2021-02-14,ETH,1850
2021-02-15,ETH,1835.72
2021-02-16,ETH,1827.28
2021-02-17,ETH,1855
2021-02-18,ETH,1950.5
2021-02-19,ETH,1972.82
2021-02-20,ETH,2042.34
2021-02-21,ETH,1976.31
2021-02-22,ETH,1936.29
2021-02-23,ETH,1782.39
2021-02-24,ETH,1712.7
2021-02-25,ETH,1671.59
2021-02-26,ETH,1562.25
2021-02-27,ETH,1529
2021-02-28,ETH,1468.75
2021-03-01,ETH,1572
2021-03-02,ETH,1602.9
2021-03-03,ETH,1656.94
2021-03-04,ETH,1624.87
2021-03-05,ETH,1548.96
2021-03-06,ETH,1671.58
2021-03-07,ETH,1734.16
2021-03-08,ETH,1843.59
2021-03-09,ETH,1870.77
2021-03-10,ETH,1877.69
2021-03-11,ETH,1846.7
2021-03-12,ETH,1841.88
2021-03-13,ETH,1944.3
2021-03-14,ETH,1933.1
2021-03-15,ETH,1891.76
2021-03-16,ETH,1819.5
2021-03-17,ETH,1838.88
2021-03-18,ETH,1850
2021-03-19,ETH,1840.61
2021-03-20,ETH,1868.83
2021-03-21,ETH,1817.16
2021-03-22,ETH,1807.51
2021-03-23,ETH,1721.17
2021-03-24,ETH,1740.86
2021-03-25,ETH,1622
2021-03-26,ETH,1699.93
2021-03-27,ETH,1732.67
2021-03-28,ETH,1725.66
2021-03-29,ETH,1841
2021-03-30,ETH,1859.13
2021-03-31,ETH,1947.29
2021-04-01,ETH,1984.77
2021-04-02,ETH,2146
2021-04-03,ETH,2138.12
2021-04-04,ETH,2091.83
2021-04-05,ETH,2130.64
2021-04-06,ETH,2151
2021-04-07,ETH,2129.01
2021-04-08,ETH,2084.61
2021-04-09,ETH,2100
2021-04-10,ETH,2200
2021-04-11,ETH,2165.02
2021-04-12,ETH,2203.46
2021-04-13,ETH,2318
2021-04-14,ETH,2447.29
2021-04-15,ETH,2543.47
2021-04-16,ETH,2548.29
2021-04-17,ETH,2495
2021-04-18,ETH,2340
2021-04-19,ETH,2300
2021-04-20,ETH,2346.62
2021-04-21,ETH,2469.54
2021-04-22,ETH,2644.47
2021-04-23,ETH,2442.89
2021-04-24,ETH,2368.74
2021-04-25,ETH,2356.64
2021-04-26,ETH,2542.8
2021-04-27,ETH,2680
2021-04-28,ETH,2760
2021-04-29,ETH,2798
2021-04-30,ETH,2798.3
2021-05-01,ETH,2954.28
2021-05-02,ETH,2985
2021-05-03,ETH,3454
2021-05-04,ETH,3527
2021-05-05,ETH,3549.34
2021-05-06,ETH,3605.4
2021-05-07,ETH,3587
2021-05-08,ETH,3958.33
2021-05-09,ETH,3983.65
2021-05-10,ETH,4208
2021-05-11,ETH,4180.22
2021-05-12,ETH,4372.72
2021-05-13,ETH,4034.77
2021-05-14,ETH,4173.28
2021-05-15,ETH,4134.05
2021-05-16,ETH,3879
2021-05-17,ETH,3587.06
2021-05-18,ETH,3565.71
2021-05-19,ETH,3441.73
2021-05-20,ETH,2990.05
2021-05-21,ETH,2938.54
2021-05-22,ETH,2485
2021-05-23,ETH,2381.57
2021-05-24,ETH,2675
2021-05-25,ETH,2750
2021-05-26,ETH,2910
2021-05-27,ETH,2889.74
2021-05-28,ETH,2762.45
2021-05-29,ETH,2574.27
2021-05-30,ETH,2476.42
2021-05-31,ETH,2720
2021-06-01,ETH,2740
2021-06-02,ETH,2802.99
2021-06-03,ETH,2891.95
2021-06-04,ETH,2860
2021-06-05,ETH,2816.87
2021-06-06,ETH,2745
2021-06-07,ETH,2847.55
2021-06-08,ETH,2620.99
2021-06-09,ETH,2626.63
2021-06-10,ETH,2624.46
2021-06-11,ETH,2497.99
2021-06-12,ETH,2454.53
2021-06-13,ETH,2548.41
2021-06-14,ETH,2609.17
2021-06-15,ETH,2640
2021-06-16,ETH,2556.19
2021-06-17,ETH,2460.5
2021-06-18,ETH,2378
2021-06-19,ETH,2278.82
2021-06-20,ETH,2280.01
2021-06-21,ETH,2260.16
2021-06-22,ETH,1998
2021-06-23,ETH,2045
2021-06-24,ETH,2036.61
2021-06-25,ETH,2019.99
2021-06-26,ETH,1852.8
2021-06-27,ETH,1984.5
2021-06-28,ETH,2145
2021-06-29,ETH,2245
2021-06-30,ETH,2287.78
2021-07-01,ETH,2275.93
2021-07-02,ETH,2160
2021-07-03,ETH,2240
2021-07-04,ETH,2389.93
2021-07-05,ETH,2324.64
2021-07-06,ETH,2350
2021-07-07,ETH,2409
2021-07-08,ETH,2325.6
2021-07-09,ETH,2189.4
2021-07-10,ETH,2194.82
2021-07-11,ETH,2174
2021-07-12,ETH,2167.83
2021-07-13,ETH,2047.35
2021-07-14,ETH,2019.18
2021-07-15,ETH,2042.88
2021-07-16,ETH,1965
2021-07-17,ETH,1919.19
2021-07-18,ETH,1993.79
2021-07-19,ETH,1919
2021-07-20,ETH,1841.34
2021-07-21,ETH,2035.23
2021-07-22,ETH,2046
2021-07-23,ETH,2130.9
2021-07-24,ETH,2199.5
2021-07-25,ETH,2197.41
2021-07-26,ETH,2433.65
2021-07-27,ETH,2319.26
2021-07-28,ETH,2345
2021-07-29,ETH,2400
2021-07-30,ETH,2471.7
2021-07-31,ETH,2553.86
2021-08-01,ETH,2697.61
2021-08-02,ETH,2666
2021-08-03,ETH,2632.44
2021-08-04,ETH,2772.71
2021-08-05,ETH,2843.98
2021-08-06,ETH,2946.75
2021-08-07,ETH,3171
2021-08-08,ETH,3189.99
2021-08-09,ETH,3186
2021-08-10,ETH,3233
2021-08-11,ETH,3274
2021-08-12,ETH,3239
2021-08-13,ETH,3327.83
2021-08-14,ETH,3330.98
2021-08-15,ETH,3320
2021-08-16,ETH,3335
2021-08-17,ETH,3290
2021-08-18,ETH,3125.81
2021-08-19,ETH,3188
2021-08-20,ETH,3300
2021-08-21,ETH,3309.16
2021-08-22,ETH,3272
2021-08-23,ETH,3377.89
2021-08-24,ETH,3357.85
2021-08-25,ETH,3248
2021-08-26,ETH,3250
2021-08-27,ETH,3280
2021-08-28,ETH,3287
2021-08-29,ETH,3285
2021-08-30,ETH,3347.95
2021-08-31,ETH,3476
2021-09-01,ETH,3842
2021-09-02,ETH,3836.8
2021-09-03,ETH,4027.88
2021-09-04,ETH,3970
2021-09-05,ETH,3980
2021-09-06,ETH,3970
2021-09-07,ETH,3947.15
2021-09-08,ETH,3560
2021-09-09,ETH,3567.06
2021-09-10,ETH,3514.11
2021-09-11,ETH,3348.37
2021-09-12,ETH,3474.16
2021-09-13,ETH,3430.3
2021-09-14,ETH,3437.05
2021-09-15,ETH,3616.16
2021-09-16,ETH,3676.28
2021-09-17,ETH,3594.17
2021-09-18,ETH,3541.96
2021-09-19,ETH,3456.53
2021-09-20,ETH,3347.82
2021-09-21,ETH,3105.83
2021-09-22,ETH,3088.88
2021-09-23,ETH,3174.5
2021-09-24,ETH,3158.52
2021-09-25,ETH,2967.52
2021-09-26,ETH,3115.51
2021-09-27,ETH,3164.94
2021-09-28,ETH,2970.82
2021-09-29,ETH,2950
2021-09-30,ETH,3048.42
2021-10-01,ETH,3330
2021-10-02,ETH,3469
2021-10-03,ETH,3488
2021-10-04,ETH,3437.19
2021-10-05,ETH,3545
2021-10-06,ETH,3632.11
2021-10-07,ETH,3653.98
2021-10-08,ETH,3695
2021-10-09,ETH,3635
2021-10-10,ETH,3604
2021-10-11,ETH,3623.8
2021-10-12,ETH,3547.11
2021-10-13,ETH,3613
2021-10-14,ETH,3824
2021-10-15,ETH,3907.77
2021-10-16,ETH,3971
2021-10-17,ETH,3919.19
2021-10-18,ETH,3893.14
2021-10-19,ETH,3886.89
2021-10-20,ETH,4169
2021-10-21,ETH,4375
2021-10-22,ETH,4167.41
2021-10-23,ETH,4172
2021-10-24,ETH,4186.57
2021-10-25,ETH,4236
2021-10-26,ETH,4297
2021-10-27,ETH,4307
2021-10-28,ETH,4295
2021-10-29,ETH,4460.47
2021-10-30,ETH,4434.06
2021-10-31,ETH,4399.14
2021-11-01,ETH,4386.58
2021-11-02,ETH,4599.6
2021-11-03,ETH,4665.87
2021-11-04,ETH,4606.65
2021-11-05,ETH,4570.05
2021-11-06,ETH,4530
2021-11-07,ETH,4637.98
2021-11-08,ETH,4822.97
2021-11-09,ETH,4838.28
2021-11-10,ETH,4868
2021-11-11,ETH,4779
2021-11-12,ETH,4809.71
2021-11-13,ETH,4707.6
2021-11-14,ETH,4696.05
2021-11-15,ETH,4772.01
2021-11-16,ETH,4563.77
2021-11-17,ETH,4299.91
2021-11-18,ETH,4344.81
2021-11-19,ETH,4308.97
2021-11-20,ETH,4435.88
2021-11-21,ETH,4451
2021-11-22,ETH,4320
2021-11-23,ETH,4385.59
2021-11-24,ETH,4373.94
2021-11-25,ETH,4550
2021-11-26,ETH,4551
2021-11-27,ETH,4183.66
2021-11-28,ETH,4298.51
2021-11-29,ETH,4458.92
2021-11-30,ETH,4753
2021-12-01,ETH,4778.75
2021-12-02,ETH,4634.83
2021-12-03,ETH,4654.88
2021-12-04,ETH,4238.59
2021-12-05,ETH,4248.19
2021-12-06,ETH,4376.15
2021-12-07,ETH,4425
2021-12-08,ETH,4450.49
2021-12-09,ETH,4488
2021-12-10,ETH,4231.08
2021-12-11,ETH,4097.08
2021-12-12,ETH,4173.63
2021-12-13,ETH,4142.75
2021-12-14,ETH,3882.74
2021-12-15,ETH,4092.22
2021-12-16,ETH,4113.43
2021-12-17,ETH,3994.1
2021-12-18,ETH,3996.93
2021-12-19,ETH,4032.43
2021-12-20,ETH,3983.37
2021-12-21,ETH,4063
2021-12-22,ETH,4074.87
2021-12-23,ETH,4150
2021-12-24,ETH,4134.84
2021-12-25,ETH,4137.91
2021-12-26,ETH,4105
2021-12-27,ETH,4127.46
2021-12-28,ETH,4037.23
2021-12-29,ETH,3827.78
2021-12-30,ETH,3769.1
2021-12-31,ETH,3815
2022-01-01,ETH,3776.45
2022-01-02,ETH,3857.44
2022-01-03,ETH,3853.09
2022-01-04,ETH,3900.73
2022-01-05,ETH,3848
2022-01-06,ETH,3550.43
2022-01-07,ETH,3416.76
2022-01-08,ETH,3250
2022-01-09,ETH,3211.72
2022-01-10,ETH,3185
2022-01-11,ETH,3263.54
2022-01-12,ETH,3411.43
2022-01-13,ETH,3410
2022-01-14,ETH,3342.79
2022-01-15,ETH,3371.64
2022-01-16,ETH,3393.6
2022-01-17,ETH,3357.57
2022-01-18,ETH,3243.87
2022-01-19,ETH,3174.87
2022-01-20,ETH,3273.37
2022-01-21,ETH,3034.12
2022-01-22,ETH,2626
2022-01-23,ETH,2556.78
2022-01-24,ETH,2539.75
2022-01-25,ETH,2506.55
2022-01-26,ETH,2722
2022-01-27,ETH,2521
2022-01-28,ETH,2558.98
2022-01-29,ETH,2636.66
2022-01-30,ETH,2640
2022-01-31,ETH,2706.77
2022-02-01,ETH,2813
2022-02-02,ETH,2810.88
2022-02-03,ETH,2726.64
2022-02-04,ETH,2995
2022-02-05,ETH,3060.47
2022-02-06,ETH,3074.56
2022-02-07,ETH,3186
2022-02-08,ETH,3232.87
2022-02-09,ETH,3269.7
2022-02-10,ETH,3283.66
2022-02-11,ETH,3138.62
2022-02-12,ETH,2985.98
2022-02-13,ETH,2954.4
2022-02-14,ETH,2964.97
2022-02-15,ETH,3196.19
2022-02-16,ETH,3186.77
2022-02-17,ETH,3160
2022-02-18,ETH,2943.97
2022-02-19,ETH,2830.96
2022-02-20,ETH,2764.64
2022-02-21,ETH,2759.51
2022-02-22,ETH,2665.74
2022-02-23,ETH,2753.55
2022-02-24,ETH,2740
2022-02-25,ETH,2834.97
2022-02-26,ETH,2878
2022-02-27,ETH,2836.33
2022-02-28,ETH,2951.6
2022-03-01,ETH,3037.94
2022-03-02,ETH,3043.91
2022-03-03,ETH,2970.97
2022-03-04,ETH,2836.17
2022-03-05,ETH,2685.12
2022-03-06,ETH,2676.29
2022-03-07,ETH,2649
2022-03-08,ETH,2624
2022-03-09,ETH,2775.85
2022-03-10,ETH,2733.25
2022-03-11,ETH,2676.78
2022-03-12,ETH,2616.79
2022-03-13,ETH,2603.32
2022-03-14,ETH,2609.6
2022-03-15,ETH,2669
2022-03-16,ETH,2788
2022-03-17,ETH,2836
2022-03-18,ETH,2984
2022-03-19,ETH,2987.7
2022-03-20,ETH,2964.17
2022-03-21,ETH,2960.57
2022-03-22,ETH,3052.85
2022-03-23,ETH,3045.2
2022-03-24,ETH,3129.11
2022-03-25,ETH,3193.28
2022-03-26,ETH,3153.2
2022-03-27,ETH,3299.37
2022-03-28,ETH,3431.15
2022-03-29,ETH,3481.87
2022-03-30,ETH,3446.9
2022-03-31,ETH,3444.83
2022-04-01,ETH,3481.29
2022-04-02,ETH,3532.2
2022-04-03,ETH,3580.34
2022-04-04,ETH,3547
2022-04-05,ETH,3555
2022-04-06,ETH,3407.5
2022-04-07,ETH,3268.98
2022-04-08,ETH,3314.02
2022-04-09,ETH,3268.4
2022-04-10,ETH,3307.22
2022-04-11,ETH,3213.63
2022-04-12,ETH,3085
2022-04-13,ETH,3128.97
2022-04-14,ETH,3145
2022-04-15,ETH,3060.92
2022-04-16,ETH,3086.1
2022-04-17,ETH,3083
2022-04-18,ETH,3069.6
2022-04-19,ETH,3131
2022-04-20,ETH,3166.5
2022-04-21,ETH,3180
2022-04-22,ETH,3034.32
2022-04-23,ETH,2978.03
2022-04-24,ETH,2967.06
2022-04-25,ETH,3025.65
2022-04-26,ETH,3039.54
2022-04-27,ETH,2919.87
2022-04-28,ETH,2980
2022-04-29,ETH,2946.46
2022-04-30,ETH,2841.63
2022-05-01,ETH,2849.9
2022-05-02,ETH,2894.22
2022-05-03,ETH,2861.47
2022-05-04,ETH,2965.85
2022-05-05,ETH,2954.65
2022-05-06,ETH,2758.18
2022-05-07,ETH,2704.36
2022-05-08,ETH,2642
2022-05-09,ETH,2530.78
2022-05-10,ETH,2457.34
2022-05-11,ETH,2451.37
2022-05-12,ETH,2195
2022-05-13,ETH,2147.54
2022-05-14,ETH,2070.06
2022-05-15,ETH,2167
2022-05-16,ETH,2145.29
2022-05-17,ETH,2122.42
2022-05-18,ETH,2110.72
2022-05-19,ETH,2040.39
2022-05-20,ETH,2064
2022-05-21,ETH,1990.86
2022-05-22,ETH,2056.41
2022-05-23,ETH,2088.5
2022-05-24,ETH,1993.83
2022-05-25,ETH,2022.34
2022-05-26,ETH,1966.01
2022-05-27,ETH,1822.26
2022-05-28,ETH,1808.98
2022-05-29,ETH,1827.4
2022-05-30,ETH,2013
2022-05-31,ETH,2016.45
2022-06-01,ETH,1972.58
2022-06-02,ETH,1853.05
2022-06-03,ETH,1843.91
2022-06-04,ETH,1816
2022-06-05,ETH,1830.17
2022-06-06,ETH,1920
2022-06-07,ETH,1874.98
2022-06-08,ETH,1838.77
2022-06-09,ETH,1833
2022-06-10,ETH,1804.32
2022-06-11,ETH,1682.21
2022-06-12,ETH,1547
2022-06-13,ETH,1455
2022-06-14,ETH,1268.45
2022-06-15,ETH,1250
2022-06-16,ETH,1257.85
2022-06-17,ETH,1118
2022-06-18,ETH,1097.58
2022-06-19,ETH,1158.62
2022-06-20,ETH,1170
2022-06-21,ETH,1194
2022-06-22,ETH,1127.33
2022-06-23,ETH,1155
2022-06-24,ETH,1245.43
2022-06-25,ETH,1256.77
2022-06-26,ETH,1280
2022-06-27,ETH,1238.93
2022-06-28,ETH,1237.99
2022-06-29,ETH,1156.8
2022-06-30,ETH,1106.62
2022-07-01,ETH,1117
2022-07-02,ETH,1078.88
2022-07-03,ETH,1088.34
2022-07-04,ETH,1160.9
2022-07-05,ETH,1174.9
2022-07-06,ETH,1205
2022-07-07,ETH,1254.29
2022-07-08,ETH,1276.46
2022-07-09,ETH,1235.4
2022-07-10,ETH,1219.95
2022-07-11,ETH,1171.29
2022-07-12,ETH,1098.26
2022-07-13,ETH,1119.18
2022-07-14,ETH,1214.65
2022-07-15,ETH,1287.82
2022-07-16,ETH,1422.91
2022-07-17,ETH,1387
2022-07-18,ETH,1597.47
2022-07-19,ETH,1631
2022-07-20,ETH,1620.4
2022-07-21,ETH,1605.98
2022-07-22,ETH,1650.05
2022-07-23,ETH,1596.51
2022-07-24,ETH,1664.34
2022-07-25,ETH,1609.55
2022-07-26,ETH,1454.11
2022-07-27,ETH,1644.44
2022-07-28,ETH,1784.79
2022-07-29,ETH,1765.99
2022-07-30,ETH,1744.85
2022-07-31,ETH,1754.69
2022-08-01,ETH,1704.68
2022-08-02,ETH,1678
2022-08-03,ETH,1685.03
2022-08-04,ETH,1662.79
2022-08-05,ETH,1742.07
2022-08-06,ETH,1749.93
2022-08-07,ETH,1729.79
2022-08-08,ETH,1818
2022-08-09,ETH,1790.83
2022-08-10,ETH,1885
2022-08-11,ETH,1942
2022-08-12,ETH,1964.71
2022-08-13,ETH,2020
2022-08-14,ETH,2030
2022-08-15,ETH,2012.47
2022-08-16,ETH,1915
2022-08-17,ETH,1959.43
2022-08-18,ETH,1882.37
2022-08-19,ETH,1848
2022-08-20,ETH,1657.08
2022-08-21,ETH,1646.52
2022-08-22,ETH,1629.72
2022-08-23,ETH,1676.07
2022-08-24,ETH,1694.13
2022-08-25,ETH,1722
2022-08-26,ETH,1706.45
2022-08-27,ETH,1518.42
2022-08-28,ETH,1511
2022-08-29,ETH,1559.99
2022-08-30,ETH,1606.13
2022-08-31,ETH,1619.78
2022-09-01,ETH,1599
2022-09-02,ETH,1650
2022-09-03,ETH,1582.71
2022-09-04,ETH,1583.66
2022-09-05,ETH,1631.99
2022-09-06,ETH,1687.4
2022-09-07,ETH,1657.5
2022-09-08,ETH,1663.56
2022-09-09,ETH,1746.13
2022-09-10,ETH,1789
2022-09-11,ETH,1789
2022-09-12,ETH,1783
2022-09-13,ETH,1760.51
2022-09-14,ETH,1647.01
2022-09-15,ETH,1655.2
2022-09-16,ETH,1483.35
2022-09-17,ETH,1476.13
2022-09-18,ETH,1469.63
2022-09-19,ETH,1393.35
2022-09-20,ETH,1384.78
2022-09-21,ETH,1408.9
2022-09-22,ETH,1350.08
2022-09-23,ETH,1360
2022-09-24,ETH,1349.33
2022-09-25,ETH,1337
2022-09-26,ETH,1340.42
2022-09-27,ETH,1400
2022-09-28,ETH,1355.7
2022-09-29,ETH,1352.02
2022-09-30,ETH,1373.19
2022-10-01,ETH,1333.69
2022-10-02,ETH,1317.93
2022-10-03,ETH,1329.9
2022-10-04,ETH,1369.55
2022-10-05,ETH,1364.77
2022-10-06,ETH,1383.99
2022-10-07,ETH,1361.75
2022-10-08,ETH,1337.35
2022-10-09,ETH,1329
2022-10-10,ETH,1338
2022-10-11,ETH,1298
2022-10-12,ETH,1306.87
2022-10-13,ETH,1301.58
2022-10-14,ETH,1343.12
2022-10-15,ETH,1301.69
2022-10-16,ETH,1315.35
2022-10-17,ETH,1338.57
2022-10-18,ETH,1341.73
2022-10-19,ETH,1313.5
2022-10-20,ETH,1310.87
2022-10-21,ETH,1306.97
2022-10-22,ETH,1320.2
2022-10-23,ETH,1371.55
2022-10-24,ETH,1370.6
2022-10-25,ETH,1525.16
2022-10-26,ETH,1594.99
2022-10-27,ETH,1578.58
2022-10-28,ETH,1574.9
2022-10-29,ETH,1663.06
2022-10-30,ETH,1640.06
2022-10-31,ETH,1635.8
2022-11-01,ETH,1612.92
2022-11-02,ETH,1621.68
2022-11-03,ETH,1559.01
2022-11-04,ETH,1680
2022-11-05,ETH,1666.97
2022-11-06,ETH,1639.02
2022-11-07,ETH,1608.04
2022-11-08,ETH,1579.98
2022-11-09,ETH,1337.16
2022-11-10,ETH,1350
2022-11-11,ETH,1310
2022-11-12,ETH,1292.16
2022-11-13,ETH,1274.23
2022-11-14,ETH,1291.2
2022-11-15,ETH,1291
2022-11-16,ETH,1268.67
2022-11-17,ETH,1228.22
2022-11-18,ETH,1234
2022-11-19,ETH,1235
2022-11-20,ETH,1227.07
2022-11-21,ETH,1146.99
2022-11-22,ETH,1146.13
2022-11-23,ETH,1190
2022-11-24,ETH,1217.71
2022-11-25,ETH,1207.77
2022-11-26,ETH,1235.66
2022-11-27,ETH,1223.33
2022-11-28,ETH,1199.25
2022-11-29,ETH,1228.37
2022-11-30,ETH,1309.77
2022-12-01,ETH,1299.9
2022-12-02,ETH,1297.18
2022-12-03,ETH,1309
2022-12-04,ETH,1287.19
2022-12-05,ETH,1305.11
2022-12-06,ETH,1274.76
2022-12-07,ETH,1278.69
2022-12-08,ETH,1292.58
2022-12-09,ETH,1296.64
2022-12-10,ETH,1283.61
2022-12-11,ETH,1284.75
2022-12-12,ETH,1278.9
2022-12-13,ETH,1349
2022-12-14,ETH,1352.72
2022-12-15,ETH,1311.14
2022-12-16,ETH,1280.06
2022-12-17,ETH,1190.03
2022-12-18,ETH,1199.54
2022-12-19,ETH,1195
2022-12-20,ETH,1230.47
2022-12-21,ETH,1223.39
2022-12-22,ETH,1237.99
2022-12-23,ETH,1231.99
2022-12-24,ETH,1227.99
2022-12-25,ETH,1225
2022-12-26,ETH,1231.09
2022-12-27,ETH,1233.73
2022-12-28,ETH,1215.78
2022-12-29,ETH,1206.57
2022-12-30,ETH,1202.15
2022-12-31,ETH,1208.46
2023-01-01,ETH,1204.67
2023-01-02,ETH,1224.29
2023-01-03,ETH,1219.89
2023-01-04,ETH,1272.6
2023-01-05,ETH,1259.95
2023-01-06,ETH,1276.7
2023-01-07,ETH,1271.09
2023-01-08,ETH,1296
2023-01-09,ETH,1344.91
2023-01-10,ETH,1347.69
2023-01-11,ETH,1398
2023-01-12,ETH,1438
2023-01-13,ETH,1464
2023-01-14,ETH,1599.98
2023-01-15,ETH,1566.66
2023-01-16,ETH,1604.5
2023-01-17,ETH,1609
2023-01-18,ETH,1610
2023-01-19,ETH,1564.43
2023-01-20,ETH,1669.9
2023-01-21,ETH,1679.26
2023-01-22,ETH,1663.89
2023-01-23,ETH,1648.09
2023-01-24,ETH,1641.46
2023-01-25,ETH,1641
2023-01-26,ETH,1632.84
2023-01-27,ETH,1621
2023-01-28,ETH,1606.83
2023-01-29,ETH,1660
2023-01-30,ETH,1647.53
2023-01-31,ETH,1605.18
2023-02-01,ETH,1647.77
2023-02-02,ETH,1714.68
2023-02-03,ETH,1676
2023-02-04,ETH,1695.29
2023-02-05,ETH,1673.81
2023-02-06,ETH,1658.56
2023-02-07,ETH,1678.37
2023-02-08,ETH,1697.91
2023-02-09,ETH,1656.17
2023-02-10,ETH,1555.01
2023-02-11,ETH,1543
2023-02-12,ETH,1548.02
2023-02-13,ETH,1526.1
2023-02-14,ETH,1569
2023-02-15,ETH,1680
2023-02-16,ETH,1742.97
2023-02-17,ETH,1722
2023-02-18,ETH,1713.13
2023-02-19,ETH,1726.59
2023-02-20,ETH,1719.89
2023-02-21,ETH,1716.66
2023-02-22,ETH,1666.95
2023-02-23,ETH,1679
2023-02-24,ETH,1664.66
2023-02-25,ETH,1608.98
2023-02-26,ETH,1651.26
2023-02-27,ETH,1665.22
2023-02-28,ETH,1647.52
2023-03-01,ETH,1669.72
2023-03-02,ETH,1677.86
2023-03-03,ETH,1649.25
2023-03-04,ETH,1577.53
2023-03-05,ETH,1588.77
2023-03-06,ETH,1583.49
2023-03-07,ETH,1584.49
2023-03-08,ETH,1570.89
2023-03-09,ETH,1546.45
2023-03-10,ETH,1439.43
2023-03-11,ETH,1478.07
2023-03-12,ETH,1594.19
2023-03-13,ETH,1693.49
2023-03-14,ETH,1780.02
2023-03-15,ETH,1716.9
2023-03-16,ETH,1691.42
2023-03-17,ETH,1800
2023-03-18,ETH,1841
2023-03-19,ETH,1841.36
2023-03-20,ETH,1803.05
2023-03-21,ETH,1835
2023-03-22,ETH,1819.98
2023-03-23,ETH,1857.16
2023-03-24,ETH,1818.99
2023-03-25,ETH,1763.23
2023-03-26,ETH,1801
2023-03-27,ETH,1780.48
2023-03-28,ETH,1795.73
2023-03-29,ETH,1827.99
2023-03-30,ETH,1829.69
2023-03-31,ETH,1847.28
2023-04-01,ETH,1842.83
2023-04-02,ETH,1824.81
2023-04-03,ETH,1839.99
2023-04-04,ETH,1891.91
2023-04-05,ETH,1942.98
2023-04-06,ETH,1909.91